request_id,amount_safe_to_pay,affordability_status,recommended_payment_method,payment_plan,earliest_date_for_full_payment,spending_changes_needed,decision_explanation
request_26,15656000,affordable_now,full_payment,2025-08-03:15656000,2025-08-03,none,"Pay IDR 15,656,000 today. This leaves at least IDR 24,768,300 available over the next 90 days."
request_27,6670,affordable_now,full_payment,2026-07-05:6670,2026-07-05,none,"Pay ZAR 6,670 today. This leaves at least ZAR 20,500 available over the next 90 days."
request_28,281.89,not_affordable,not_recommended,none,,none,"Do not proceed with the EUR 1,302.40 request. Although EUR 281.89 is available today, the full amount cannot be completed safely within 90 days."
request_29,51524,affordable_now,full_payment,2025-11-04:51524,2025-11-04,none,"Pay ZAR 51,524 today. This leaves at least ZAR 28,300 available over the next 90 days."
request_30,775.2,affordable_with_plan,installments,2026-04-06:268.74|2026-05-06:268.74|2026-06-05:268.74,2026-04-06,none,"Use 3 installments of USD 268.74, starting 6 April 2026. This leaves at least USD 900 available."
request_31,2894443.04,affordable_later,wait,2024-09-15:18164000,2024-09-15,none,"Pay IDR 18,164,000 in full on 15 September 2024. Paying earlier would take the balance below the IDR 16,588,900 minimum."
request_32,14175.20,affordable_later,wait,2025-04-15:40018,2025-04-15,none,"Pay ZAR 40,018 in full on 15 April 2025. Paying earlier would take the balance below the ZAR 35,700 minimum."
request_33,32279.86,affordable_later,wait,2026-03-15:118000,2026-03-15,none,"Pay INR 118,000 in full on 15 March 2026. Paying earlier would take the balance below the INR 102,100 minimum."
request_34,129400,affordable_now,full_payment,2024-12-04:129400,2024-12-04,none,"Pay INR 129,400 today. This leaves at least INR 138,500 available over the next 90 days."
request_35,21248.14,affordable_later,wait,2026-01-15:212000,2026-01-15,none,"Pay INR 212,000 in full on 15 January 2026. Paying earlier would take the balance below the INR 106,400 minimum."
request_36,615.13,affordable_later,wait,2026-09-15:3954,2026-09-15,none,"Pay USD 3,954 in full on 15 September 2026. Paying earlier would take the balance below the USD 2,400 minimum."
request_37,4880085.52,affordable_later,wait,2024-05-15:14649000,2024-05-15,none,"Pay IDR 14,649,000 in full on 15 May 2024. Paying earlier would take the balance below the IDR 17,056,200 minimum."
request_38,182.82,affordable_later,wait,2025-10-15:971.3,2025-10-15,none,Pay EUR 971.30 in full on 15 October 2025. Paying earlier would take the balance below the EUR 400 minimum.
request_39,50841.31,affordable_later,wait,2026-04-15:208600,2026-04-15,none,"Pay INR 208,600 in full on 15 April 2026. Paying earlier would take the balance below the INR 213,400 minimum."
request_40,332.46,not_affordable,not_recommended,none,,none,"Do not proceed with the EUR 1,290.30 request. Although EUR 332.46 is available today, the full amount cannot be completed safely within 90 days."
request_41,7915614.90,affordable_later,wait,2025-11-15:38760000,2025-11-15,none,"Pay IDR 38,760,000 in full on 15 November 2025. Paying earlier would take the balance below the IDR 25,366,600 minimum."
request_42,52100,affordable_now,full_payment,2026-01-05:52100,2026-01-05,none,"Pay INR 52,100 today. This leaves at least INR 113,100 available over the next 90 days."
request_43,8443757.75,affordable_later,wait,2024-09-15:43339000,2024-09-15,none,"Pay IDR 43,339,000 in full on 15 September 2024. Paying earlier would take the balance below the IDR 21,398,000 minimum."
request_44,29256.06,not_affordable,not_recommended,none,,none,"Do not proceed with the INR 95,800 request. Although INR 29,256.06 is available today, the full amount cannot be completed safely within 90 days."
request_45,3614476.62,affordable_later,wait,2026-09-15:21983000,2026-09-15,none,"Pay IDR 21,983,000 in full on 15 September 2026. Paying earlier would take the balance below the IDR 11,149,800 minimum."
request_46,36858.40,affordable_with_plan,partial_payment,2024-12-03:36858.40|2024-12-15:12591.60,2024-12-15,none,"Pay INR 36,858.40 today and the remaining INR 12,591.60 on 15 December 2024. This completes the full request and keeps the INR 84,000 minimum protected."
request_47,6146709.46,not_affordable,not_recommended,none,,none,"Do not proceed with the IDR 38,114,000 request. Although IDR 6,146,709.46 is available today, the full amount cannot be completed safely within 90 days."
request_48,45700,affordable_now,full_payment,2026-07-25:45700,2026-07-25,none,"Pay INR 45,700 today. This leaves at least INR 71,300 available over the next 90 days."
request_49,11974188.05,not_affordable,not_recommended,none,,none,"Do not proceed with the IDR 34,333,000 request. Although IDR 11,974,188.05 is available today, the full amount cannot be completed safely within 90 days."
request_50,43900,affordable_now,full_payment,2025-08-06:43900,2025-08-06,none,"Pay INR 43,900 today. This leaves at least INR 99,700 available over the next 90 days."
request_51,2191000,affordable_now,full_payment,2026-01-03:2191000,2026-01-03,none,"Pay IDR 2,191,000 today. This leaves at least IDR 7,811,000 available over the next 90 days."
request_52,18701.97,affordable_later,wait,2024-06-15:28870,2024-06-15,none,"Pay INR 28,870 in full on 15 June 2024. Paying earlier would take the balance below the INR 41,500 minimum."
request_53,477.89,affordable_with_plan,installments,2025-11-21:589.06|2025-12-19:589.06|2026-01-16:589.06,2026-01-15,none,"Use 3 installments of USD 589.06, starting 21 November 2025. This leaves at least USD 2,100 available."
request_54,2064.79,not_affordable,not_recommended,none,,none,"Do not proceed with the ZAR 121,528 request. Although ZAR 2,064.79 is available today, the full amount cannot be completed safely within 90 days."
request_55,110709.42,not_affordable,not_recommended,none,,none,"Do not make this payment by 22 August 2026. None of the available options keeps the INR 124,300 minimum protected."
request_56,623.64,affordable_with_plan,partial_payment,2025-02-03:623.64|2025-02-15:257.92,2025-02-15,none,"Pay USD 623.64 today and the remaining USD 257.92 on 15 February 2025. This completes the full request and keeps the USD 2,100 minimum protected."
request_57,12657.18,affordable_later,wait,2026-06-15:61446,2026-06-15,none,"Pay ZAR 61,446 in full on 15 June 2026. Paying earlier would take the balance below the ZAR 42,700 minimum."
request_58,16226000,affordable_now,full_payment,2024-12-07:16226000,2024-12-07,none,"Pay IDR 16,226,000 today. This leaves at least IDR 14,433,900 available over the next 90 days."
request_59,115099.27,affordable_with_plan,installments,2025-05-07:48741.33|2025-06-04:48741.33|2025-07-02:48741.33,,reduce_to:event_5537:3930|stop:event_5473,"Use 3 installments of INR 48,741.33, starting 7 May 2025. This leaves at least INR 132,600 available."
request_60,117.49,affordable_later,wait,2026-02-15:199.89,2026-02-15,none,Pay USD 199.89 in full on 15 February 2026. Paying earlier would take the balance below the USD 400 minimum.
request_61,29062,affordable_with_plan,installments,2024-03-17:10074.83|2024-04-17:10074.83|2024-05-18:10074.83,2024-03-03,none,"Use 3 installments of ZAR 10,074.83, starting 17 March 2024. This leaves at least ZAR 36,700 available."
request_62,404.23,affordable_now,full_payment,2025-08-05:404.23,2025-08-05,none,"Pay USD 404.23 today. This leaves at least USD 1,300 available over the next 90 days."
request_63,39906.07,affordable_with_plan,partial_payment,2026-07-07:39906.07|2026-09-15:303993.93,2026-09-15,none,"Pay INR 39,906.07 today and the remaining INR 303,993.93 on 15 September 2026. This completes the full request and keeps the INR 153,500 minimum protected."
request_64,0,not_affordable,not_recommended,none,,none,"Do not make this payment by 16 August 2024. None of the available options keeps the INR 36,100 minimum protected."
request_65,5782.77,not_affordable,not_recommended,none,,none,"Do not proceed with the ZAR 54,340 request. Although ZAR 5,782.77 is available today, the full amount cannot be completed safely within 90 days."
request_66,22200,affordable_now,full_payment,2026-04-03:22200,2026-04-03,none,"Pay INR 22,200 today. This leaves at least INR 80,700 available over the next 90 days."
request_67,292.95,affordable_later,wait,2024-09-15:2094,2024-09-15,none,"Pay USD 2,094 in full on 15 September 2024. Paying earlier would take the balance below the USD 1,200 minimum."
request_68,1361.56,affordable_with_plan,installments,2025-02-14:725.09|2025-03-14:725.09|2025-04-11:725.09,2025-02-23,none,"Use 3 installments of USD 725.09, starting 14 February 2025. This leaves at least USD 1,500 available."
request_69,529.1,affordable_now,full_payment,2026-01-04:529.1,2026-01-04,none,Pay EUR 529.10 today. This leaves at least EUR 700 available over the next 90 days.
request_70,49475.42,affordable_later,wait,2025-02-15:243900,2025-02-15,none,"Pay INR 243,900 in full on 15 February 2025. Paying earlier would take the balance below the INR 115,000 minimum."
request_71,77785.41,not_affordable,not_recommended,none,,none,"Do not proceed with the IDR 21,451,000 request. Although IDR 77,785.41 is available today, the full amount cannot be completed safely within 90 days."
request_72,11330,affordable_now,full_payment,2026-07-05:11330,2026-07-05,none,"Pay ZAR 11,330 today. This leaves at least ZAR 12,200 available over the next 90 days."
request_73,71400,affordable_now,full_payment,2023-01-20:71400,2023-01-20,none,"Pay INR 71,400 today. This leaves at least INR 103,200 available over the next 90 days."
request_74,5010,affordable_now,full_payment,2025-08-04:5010,2025-08-04,none,"Pay ZAR 5,010 today. This leaves at least ZAR 21,900 available over the next 90 days."
request_75,10416.40,not_affordable,not_recommended,none,,none,"Do not proceed with the ZAR 28,270 request. Although ZAR 10,416.40 is available today, the full amount cannot be completed safely within 90 days."
request_76,116.36,not_affordable,not_recommended,none,,none,"Do not proceed with the USD 4,455.60 request. Although USD 116.36 is available today, the full amount cannot be completed safely within 90 days."
request_77,57385.30,affordable_later,wait,2025-11-15:60700,2025-11-15,none,"Pay INR 60,700 in full on 15 November 2025. Paying earlier would take the balance below the INR 82,200 minimum."
request_78,46080.3400,affordable_later,wait,2025-10-15:50200,2025-10-15,none,"Pay INR 50,200 in full on 15 October 2025. Paying earlier would take the balance below the INR 55,200 minimum."
request_79,278.36,not_affordable,not_recommended,none,,none,"Do not make this payment by 1 November 2024. None of the available options keeps the EUR 1,000 minimum protected."
request_80,22185.00,not_affordable,not_recommended,none,,none,"Do not proceed with the INR 217,500 request. Although INR 22,185 is available today, the full amount cannot be completed safely within 90 days."
request_81,2076,affordable_now,full_payment,2026-07-03:2076,2026-07-03,none,"Pay USD 2,076 today. This leaves at least USD 1,600 available over the next 90 days."
request_82,308.88,affordable_later,wait,2025-02-15:1405.2,2025-02-15,none,"Pay USD 1,405.20 in full on 15 February 2025. Paying earlier would take the balance below the USD 1,100 minimum."
request_83,6702.37,not_affordable,not_recommended,none,,none,"Do not make this payment by 17 June 2025. None of the available options keeps the INR 37,800 minimum protected."
request_84,29848.22,affordable_later,wait,2026-06-15:95400,2026-06-15,none,"Pay INR 95,400 in full on 15 June 2026. Paying earlier would take the balance below the INR 91,300 minimum."
request_85,374061.81,not_affordable,not_recommended,none,,none,"Do not proceed with the IDR 19,304,000 request. Although IDR 374,061.81 is available today, the full amount cannot be completed safely within 90 days."
request_86,46300,affordable_now,full_payment,2025-08-03:46300,2025-08-03,none,"Pay INR 46,300 today. This leaves at least INR 84,900 available over the next 90 days."
request_87,18037.34,affordable_later,wait,2026-02-15:487900,2026-02-15,none,"Pay INR 487,900 in full on 15 February 2026. Paying earlier would take the balance below the INR 185,900 minimum."
request_88,10497.62,affordable_with_plan,installments,2024-06-14:9045.23|2024-07-15:9045.23|2024-08-15:9045.23,2024-07-15,none,"Use 3 installments of ZAR 9,045.23, starting 14 June 2024. This leaves at least ZAR 25,800 available."
request_89,9226703.57,affordable_with_plan,installments,2025-11-18:4768746.67|2025-12-16:4768746.67|2026-01-13:4768746.67,2025-11-15,none,"Use 3 installments of IDR 4,768,746.67, starting 18 November 2025. This leaves at least IDR 12,534,700 available."
request_90,2560,affordable_now,full_payment,2026-07-06:2560,2026-07-06,none,"Pay ZAR 2,560 today. This leaves at least ZAR 7,600 available over the next 90 days."
request_91,286.92,affordable_later,wait,2024-11-15:1927.2,2024-11-15,none,"Pay EUR 1,927.20 in full on 15 November 2024. Paying earlier would take the balance below the EUR 2,100 minimum."
request_92,34034,affordable_now,full_payment,2025-02-05:34034,2025-02-05,none,"Pay ZAR 34,034 today. This leaves at least ZAR 28,100 available over the next 90 days."
request_93,1729.2,affordable_now,full_payment,2026-04-07:1729.2,2026-04-07,none,"Pay USD 1,729.20 today. This leaves at least USD 1,900 available over the next 90 days."
request_94,572,affordable_now,full_payment,2024-12-04:572,2024-12-04,none,Pay EUR 572 today. This leaves at least EUR 600 available over the next 90 days.
request_95,4013.74,not_affordable,not_recommended,none,,none,"Do not make this payment by 14 July 2025. None of the available options keeps the INR 145,500 minimum protected."
request_96,74311.34,affordable_with_plan,installments,2026-01-10:31269.33|2026-02-09:31269.33|2026-03-11:31269.33,2026-01-15,none,"Use 3 installments of INR 31,269.33, starting 10 January 2026. This leaves at least INR 56,500 available."
request_97,1833.87,affordable_with_plan,installments,2024-03-19:8145.28|2024-04-19:8145.28|2024-05-20:8145.28,2024-03-15,none,"Use 3 installments of ZAR 8,145.28, starting 19 March 2024. This leaves at least ZAR 29,700 available."
request_98,5625.20,not_affordable,not_recommended,none,,none,"Do not proceed with the ZAR 27,148 request. Although ZAR 5,625.20 is available today, the full amount cannot be completed safely within 90 days."
request_99,16890.90,affordable_with_plan,full_payment,2026-07-04:18062,2026-07-15,reduce_to:event_9232:1065.9,"Reduce the family dinner to zar 1,065.90, then pay ZAR 18,062 today. This leaves at least ZAR 49,100 available."
request_100,25888.98,affordable_with_plan,installments,2024-06-13:12866.19|2024-07-14:12866.19|2024-08-14:12866.19,2024-06-15,none,"Use 3 installments of ZAR 12,866.19, starting 13 June 2024. This leaves at least ZAR 32,500 available."
request_101,143500,affordable_now,full_payment,2025-11-03:143500,2025-11-03,none,"Pay INR 143,500 today. This leaves at least INR 187,400 available over the next 90 days."
request_102,1716,affordable_with_plan,installments,2026-04-05:594.88|2026-05-05:594.88|2026-06-04:594.88,2026-04-05,none,"Use 3 installments of EUR 594.88, starting 5 April 2026. This leaves at least EUR 900 available."
request_103,1095.30,not_affordable,not_recommended,none,,none,"Do not proceed with the INR 368,300 request. Although INR 1,095.30 is available today, the full amount cannot be completed safely within 90 days."
request_104,4614.57,not_affordable,not_recommended,none,,none,"Do not proceed with the ZAR 17,204 request. Although ZAR 4,614.57 is available today, the full amount cannot be completed safely within 90 days."
request_105,0,not_affordable,not_recommended,none,,none,"Do not make this payment by 14 June 2026. None of the available options keeps the INR 73,900 minimum protected."
request_106,440.12,affordable_later,wait,2024-12-15:2207.7,2024-12-15,none,"Pay EUR 2,207.70 in full on 15 December 2024. Paying earlier would take the balance below the EUR 1,200 minimum."
request_107,2436.35,affordable_with_plan,installments,2025-05-08:878.59|2025-06-05:878.59|2025-07-03:878.59,2025-07-15,reduce_to:event_9959:42.5,"Use 3 installments of EUR 878.59, starting 8 May 2025. This leaves at least EUR 1,600 available."
request_108,2317.45,affordable_later,wait,2026-09-15:55308,2026-09-15,none,"Pay ZAR 55,308 in full on 15 September 2026. Paying earlier would take the balance below the ZAR 24,100 minimum."
request_109,460.56,affordable_with_plan,installments,2024-03-18:645.98|2024-04-18:645.98|2024-05-19:645.98,2024-03-15,none,"Use 3 installments of EUR 645.98, starting 18 March 2024. This leaves at least EUR 1,700 available."
request_110,22352,affordable_with_plan,installments,2025-08-06:7748.69|2025-09-03:7748.69|2025-10-01:7748.69,2025-08-06,none,"Use 3 installments of ZAR 7,748.69, starting 6 August 2025. This leaves at least ZAR 11,200 available."
request_111,16625000,affordable_now,full_payment,2026-04-03:16625000,2026-04-03,none,"Pay IDR 16,625,000 today. This leaves at least IDR 23,022,800 available over the next 90 days."
request_112,218.08,affordable_with_plan,full_payment,2024-06-05:271.7,2024-08-15,reduce_to:event_10400:13,"Reduce the weekend food delivery to eur 13, then pay EUR 271.70 today. This leaves at least EUR 500 available."
request_113,21574.00,affordable_later,wait,2026-09-15:36500,2026-09-15,none,"Pay INR 36,500 in full on 15 September 2026. Paying earlier would take the balance below the INR 82,300 minimum."
request_114,53369.32,affordable_later,wait,2026-01-15:65300,2026-01-15,none,"Pay INR 65,300 in full on 15 January 2026. Paying earlier would take the balance below the INR 113,400 minimum."
request_115,14552.20,affordable_later,wait,2024-11-15:80500,2024-11-15,none,"Pay INR 80,500 in full on 15 November 2024. Paying earlier would take the balance below the INR 38,800 minimum."
request_116,7550.39,not_affordable,not_recommended,none,,none,"Do not proceed with the INR 241,200 request. Although INR 7,550.39 is available today, the full amount cannot be completed safely within 90 days."
request_117,848.69,affordable_with_plan,full_payment,2026-07-05:880,2026-07-15,reduce_to:event_10878:20.5|stop:event_10833,"Reduce the weekend food delivery to eur 20.50 and stop the family streaming plan, then pay EUR 880 today. This leaves at least EUR 1,000 available."
request_118,644.98,affordable_with_plan,installments,2024-12-07:255.87|2025-01-07:255.87|2025-02-07:255.87,2025-02-15,reduce_to:event_10914:14,"Use 3 installments of EUR 255.87, starting 7 December 2024. This leaves at least EUR 600 available."
request_119,58565.00,affordable_with_plan,installments,2025-05-18:70546.67|2025-06-15:70546.67|2025-07-13:70546.67,2025-05-15,none,"Use 3 installments of INR 70,546.67, starting 18 May 2025. This leaves at least INR 151,200 available."
request_120,7714000,affordable_now,full_payment,2026-04-06:7714000,2026-04-06,none,"Pay IDR 7,714,000 today. This leaves at least IDR 20,050,300 available over the next 90 days."
request_121,633.6,affordable_now,full_payment,2024-03-03:633.6,2024-03-03,none,Pay USD 633.60 today. This leaves at least USD 800 available over the next 90 days.
request_122,20558000,affordable_with_plan,installments,2025-08-05:7126773.33|2025-09-02:7126773.33|2025-09-30:7126773.33,2025-08-05,none,"Use 3 installments of IDR 7,126,773.33, starting 5 August 2025. This leaves at least IDR 12,588,500 available."
request_123,0,not_affordable,not_recommended,none,,none,"Do not make this payment by 28 March 2026. None of the available options keeps the IDR 18,091,200 minimum protected."
request_124,1406.49,affordable_with_plan,installments,2024-06-11:1076.12|2024-07-12:1076.12|2024-08-12:1076.12,2024-06-15,none,"Use 3 installments of EUR 1,076.12, starting 11 June 2024. This leaves at least EUR 1,600 available."
request_125,5490.44,affordable_later,wait,2025-11-15:6468,2025-11-15,none,"Pay ZAR 6,468 in full on 15 November 2025. Paying earlier would take the balance below the ZAR 11,300 minimum."
request_126,26642.14,not_affordable,not_recommended,none,,none,"Do not proceed with the INR 159,600 request. Although INR 26,642.14 is available today, the full amount cannot be completed safely within 90 days."
request_127,7933.25,affordable_later,wait,2024-09-15:23980,2024-09-15,none,"Pay ZAR 23,980 in full on 15 September 2024. Paying earlier would take the balance below the ZAR 41,000 minimum."
request_128,25168,affordable_now,full_payment,2025-02-07:25168,2025-02-07,none,"Pay ZAR 25,168 today. This leaves at least ZAR 42,600 available over the next 90 days."
request_129,110.47,not_affordable,not_recommended,none,,none,"Do not proceed with the USD 2,668.80 request. Although USD 110.47 is available today, the full amount cannot be completed safely within 90 days."
request_130,405.41,affordable_later,wait,2025-02-15:1978.8,2025-02-15,none,"Pay USD 1,978.80 in full on 15 February 2025. Paying earlier would take the balance below the USD 1,400 minimum."
request_131,1110.68,affordable_with_plan,installments,2025-05-06:643.14|2025-06-03:643.14|2025-07-01:643.14,2025-05-23,none,"Use 3 installments of USD 643.14, starting 6 May 2025. This leaves at least USD 1,100 available."
request_132,285.00,affordable_later,wait,2026-01-15:379.86,2026-01-15,none,"Pay USD 379.86 in full on 15 January 2026. Paying earlier would take the balance below the USD 1,100 minimum."
request_133,15770000,not_affordable,not_recommended,none,,none,"Do not make this payment by 29 March 2024. None of the available options keeps the IDR 9,986,200 minimum protected."
request_134,4469014.82,affordable_later,wait,2025-08-15:21831000,2025-08-15,none,"Pay IDR 21,831,000 in full on 15 August 2025. Paying earlier would take the balance below the IDR 15,902,500 minimum."
request_135,273.59,affordable_with_plan,full_payment,2026-07-06:304.8,2026-07-15,reduce_to:event_12458:17.5|stop:event_12413,"Reduce the lunch with colleagues to usd 17.50 and stop the video streaming plan, then pay USD 304.80 today. This leaves at least USD 500 available."
request_136,496.37,affordable_later,wait,2024-06-15:560.4,2024-06-15,none,"Pay USD 560.40 in full on 15 June 2024. Paying earlier would take the balance below the USD 1,100 minimum."
request_137,24928.90,affordable_later,wait,2026-01-15:80100,2026-01-15,none,"Pay INR 80,100 in full on 15 January 2026. Paying earlier would take the balance below the INR 71,800 minimum."
request_138,757.75,affordable_with_plan,partial_payment,2026-04-07:757.75|2026-04-15:499.19,2026-04-15,none,"Pay EUR 757.75 today and the remaining EUR 499.19 on 15 April 2026. This completes the full request and keeps the EUR 2,300 minimum protected."
request_139,1278.14,affordable_with_plan,installments,2024-09-07:802.88|2024-10-08:802.88|2024-11-08:802.88,2024-09-15,none,"Use 3 installments of USD 802.88, starting 7 September 2024. This leaves at least USD 1,500 available."
request_140,1622.98,not_affordable,not_recommended,none,,none,"Do not proceed with the ZAR 62,832 request. Although ZAR 1,622.98 is available today, the full amount cannot be completed safely within 90 days."
request_141,17674.24,not_affordable,not_recommended,none,,none,"Do not proceed with the INR 171,600 request. Although INR 17,674.24 is available today, the full amount cannot be completed safely within 90 days."
request_142,817.81,not_affordable,not_recommended,none,,none,"Do not proceed with the USD 1,263.60 request. Although USD 817.81 is available today, the full amount cannot be completed safely within 90 days."
request_143,2653.42,affordable_later,wait,2025-07-15:12584,2025-07-15,none,"Pay ZAR 12,584 in full on 15 July 2025. Paying earlier would take the balance below the ZAR 11,300 minimum."
request_144,233.34,affordable_now,full_payment,2026-07-04:233.34,2026-07-04,none,Pay USD 233.34 today. This leaves at least USD 600 available over the next 90 days.
request_145,24072.18,affordable_with_plan,installments,2024-03-20:75365.33|2024-04-20:75365.33|2024-05-21:75365.33,2024-05-15,reduce_to:event_13409:3335|stop:event_13342|reduce_to:event_13341:2920,"Use 3 installments of INR 75,365.33, starting 20 March 2024. This leaves at least INR 155,400 available."
request_146,14054.86,not_affordable,not_recommended,none,,none,"Do not proceed with the INR 449,400 request. Although INR 14,054.86 is available today, the full amount cannot be completed safely within 90 days."
request_147,462.16,affordable_with_plan,installments,2026-04-08:391.63|2026-05-08:391.63|2026-06-07:391.63,2026-04-15,none,"Use 3 installments of EUR 391.63, starting 8 April 2026. This leaves at least EUR 900 available."
request_148,7665.48,affordable_with_plan,installments,2024-06-14:7710.56|2024-07-15:7710.56|2024-08-15:7710.56,2024-07-15,reduce_to:event_13661:531.3,"Use 3 installments of ZAR 7,710.56, starting 14 June 2024. This leaves at least ZAR 20,000 available."
request_149,24545.82,affordable_with_plan,installments,2025-11-18:12706.03|2025-12-16:12706.03|2026-01-13:12706.03,2025-11-15,none,"Use 3 installments of ZAR 12,706.03, starting 18 November 2025. This leaves at least ZAR 42,100 available."
request_150,251.49,affordable_with_plan,installments,2026-01-06:171.98|2026-02-05:171.98|2026-03-07:171.98,2026-03-15,reduce_to:event_13787:16|stop:event_13786,"Use 3 installments of EUR 171.98, starting 6 January 2026. This leaves at least EUR 700 available."
request_151,26999000,affordable_now,full_payment,2024-09-03:26999000,2024-09-03,none,"Pay IDR 26,999,000 today. This leaves at least IDR 31,633,600 available over the next 90 days."
request_152,11035.96,not_affordable,not_recommended,none,,none,"Do not make this payment by 13 April 2025. None of the available options keeps the ZAR 11,900 minimum protected."
request_153,12.42,not_affordable,not_recommended,none,,none,"Do not proceed with the USD 2,830.80 request. Although USD 12.42 is available today, the full amount cannot be completed safely within 90 days."
request_154,1625.8,affordable_with_plan,installments,2024-12-04:563.61|2025-01-04:563.61|2025-02-04:563.61,2024-12-04,none,"Use 3 installments of EUR 563.61, starting 4 December 2024. This leaves at least EUR 1,300 available."
request_155,112500,affordable_now,full_payment,2025-05-06:112500,2025-05-06,none,"Pay INR 112,500 today. This leaves at least INR 56,300 available over the next 90 days."
request_156,8382.54,affordable_later,wait,2026-06-15:43076,2026-06-15,none,"Pay ZAR 43,076 in full on 15 June 2026. Paying earlier would take the balance below the ZAR 26,900 minimum."
request_157,4352610.76,affordable_later,wait,2024-05-15:23503000,2024-05-15,none,"Pay IDR 23,503,000 in full on 15 May 2024. Paying earlier would take the balance below the IDR 15,714,100 minimum."
request_158,242600,affordable_with_plan,installments,2025-08-07:84101.33|2025-09-04:84101.33|2025-10-02:84101.33,2025-08-07,none,"Use 3 installments of INR 84,101.33, starting 7 August 2025. This leaves at least INR 131,400 available."
request_159,0,not_affordable,not_recommended,none,,none,"Do not make this payment by 20 March 2026. None of the available options keeps the ZAR 8,700 minimum protected."
request_160,574.47,affordable_with_plan,installments,2024-06-13:432.05|2024-07-14:432.05|2024-08-14:432.05,2024-06-15,none,"Use 3 installments of EUR 432.05, starting 13 June 2024. This leaves at least EUR 1,200 available."
request_161,6845704.21,affordable_later,wait,2026-01-15:21204000,2026-01-15,none,"Pay IDR 21,204,000 in full on 15 January 2026. Paying earlier would take the balance below the IDR 23,010,400 minimum."
request_162,1159061.72,not_affordable,not_recommended,none,,none,"Do not proceed with the IDR 83,923,000 request. Although IDR 1,159,061.72 is available today, the full amount cannot be completed safely within 90 days."
request_163,8239209.80,not_affordable,not_recommended,none,,none,"Do not make this payment by 15 November 2024. None of the available options keeps the IDR 26,728,700 minimum protected."
request_164,27018000,affordable_with_plan,installments,2025-02-11:9366240|2025-03-11:9366240|2025-04-08:9366240,2025-02-04,none,"Use 3 installments of IDR 9,366,240, starting 11 February 2025. This leaves at least IDR 29,550,500 available."
request_165,79004.86,affordable_with_plan,full_payment,2026-04-06:80600,,reduce_to:event_15173:1875,"Reduce the quick-service meal to inr 1,875, then pay INR 80,600 today. This leaves at least INR 95,000 available."
request_166,2907.6,affordable_with_plan,installments,2024-12-03:1007.97|2025-01-03:1007.97|2025-02-03:1007.97,2024-12-03,none,"Use 3 installments of USD 1,007.97, starting 3 December 2024. This leaves at least USD 1,700 available."
request_167,43802,affordable_now,full_payment,2025-05-05:43802,2025-05-05,none,"Pay ZAR 43,802 today. This leaves at least ZAR 31,200 available over the next 90 days."
request_168,28721.68,affordable_with_plan,partial_payment,2026-01-07:28721.68|2026-02-15:20658.32,2026-02-15,none,"Pay INR 28,721.68 today and the remaining INR 20,658.32 on 15 February 2026. This completes the full request and keeps the INR 114,400 minimum protected."
request_169,41976,affordable_now,full_payment,2024-03-04:41976,2024-03-04,none,"Pay ZAR 41,976 today. This leaves at least ZAR 18,700 available over the next 90 days."
request_170,30183194.40,affordable_with_plan,installments,2025-08-06:12804480|2025-09-03:12804480|2025-10-01:12804480,2025-09-15,none,"Use 3 installments of IDR 12,804,480, starting 6 August 2025. This leaves at least IDR 24,715,800 available."
request_171,30.56,not_affordable,not_recommended,none,,none,"Do not proceed with the EUR 1,878.80 request. Although EUR 30.56 is available today, the full amount cannot be completed safely within 90 days."
request_172,9598.68,affordable_with_plan,partial_payment,2024-06-05:9598.68|2024-06-15:601.32,2024-06-15,none,"Pay ZAR 9,598.68 today and the remaining ZAR 601.32 on 15 June 2024. This completes the full request and keeps the ZAR 27,200 minimum protected."
request_173,52640.85,affordable_with_plan,installments,2025-11-21:39173.33|2025-12-19:39173.33|2026-01-16:39173.33,,reduce_to:event_15946:2105,"Use 3 installments of INR 39,173.33, starting 21 November 2025. This leaves at least INR 79,100 available."
request_174,988.95,not_affordable,not_recommended,none,,none,"Do not proceed with the EUR 1,146.20 request. Although EUR 988.95 is available today, the full amount cannot be completed safely within 90 days."
request_175,2346.3,affordable_now,full_payment,2024-09-06:2346.3,2024-09-06,none,"Pay EUR 2,346.30 today. This leaves at least EUR 1,700 available over the next 90 days."
request_176,0,not_affordable,not_recommended,none,,none,Do not make this payment by 27 February 2025. None of the available options keeps the EUR 600 minimum protected.
request_177,1017.6,affordable_now,full_payment,2026-01-05:1017.6,2026-01-05,none,"Pay USD 1,017.60 today. This leaves at least USD 1,300 available over the next 90 days."
request_178,2938.1,affordable_with_plan,installments,2024-12-07:1018.54|2025-01-07:1018.54|2025-02-07:1018.54,2024-12-07,none,"Use 3 installments of EUR 1,018.54, starting 7 December 2024. This leaves at least EUR 1,400 available."
request_179,6458243.33,affordable_later,wait,2025-07-15:41648000,2025-07-15,none,"Pay IDR 41,648,000 in full on 15 July 2025. Paying earlier would take the balance below the IDR 41,430,800 minimum."
request_180,66500,affordable_now,full_payment,2026-07-06:66500,2026-07-06,none,"Pay INR 66,500 today. This leaves at least INR 37,300 available over the next 90 days."
request_181,288.24,affordable_later,wait,2024-05-15:5059.2,2024-05-15,none,"Pay USD 5,059.20 in full on 15 May 2024. Paying earlier would take the balance below the USD 2,000 minimum."
request_182,65714,affordable_now,full_payment,2025-08-05:65714,2025-08-05,none,"Pay ZAR 65,714 today. This leaves at least ZAR 31,100 available over the next 90 days."
request_183,23107211.77,affordable_with_plan,installments,2026-04-10:9313546.67|2026-05-10:9313546.67|2026-06-09:9313546.67,2026-05-15,none,"Use 3 installments of IDR 9,313,546.67, starting 10 April 2026. This leaves at least IDR 11,878,300 available."
request_184,9316.10,not_affordable,not_recommended,none,,none,"Do not proceed with the INR 251,900 request. Although INR 9,316.10 is available today, the full amount cannot be completed safely within 90 days."
request_185,318.41,affordable_later,wait,2026-01-15:1257.3,2026-01-15,none,"Pay EUR 1,257.30 in full on 15 January 2026. Paying earlier would take the balance below the EUR 1,300 minimum."
request_186,3303.10,not_affordable,not_recommended,none,,none,"Do not proceed with the ZAR 26,554 request. Although ZAR 3,303.10 is available today, the full amount cannot be completed safely within 90 days."
request_187,38384.36,affordable_later,wait,2024-09-15:187500,2024-09-15,none,"Pay INR 187,500 in full on 15 September 2024. Paying earlier would take the balance below the INR 128,300 minimum."
request_188,26.30,not_affordable,not_recommended,none,,none,"Do not proceed with the EUR 2,464 request. Although EUR 26.30 is available today, the full amount cannot be completed safely within 90 days."
request_189,488.4,affordable_now,full_payment,2026-07-04:488.4,2026-07-04,none,Pay EUR 488.40 today. This leaves at least EUR 400 available over the next 90 days.
request_190,528.67,affordable_later,wait,2024-12-15:2557.5,2024-12-15,none,"Pay EUR 2,557.50 in full on 15 December 2024. Paying earlier would take the balance below the EUR 1,600 minimum."
request_191,664.4,affordable_now,full_payment,2025-05-03:664.4,2025-05-03,none,Pay EUR 664.40 today. This leaves at least EUR 500 available over the next 90 days.
request_192,168.89,not_affordable,not_recommended,none,,none,"Do not proceed with the USD 2,046 request. Although USD 168.89 is available today, the full amount cannot be completed safely within 90 days."
request_193,23.01,affordable_with_plan,installments,2024-03-21:420.23|2024-04-21:420.23|2024-05-22:420.23,2024-05-15,none,"Use 3 installments of EUR 420.23, starting 21 March 2024. This leaves at least EUR 1,000 available."
request_194,34703.75,affordable_later,wait,2025-08-23:132800,2025-08-23,none,"Pay INR 132,800 in full on 23 August 2025. Paying earlier would take the balance below the INR 113,600 minimum."
request_195,965.64,affordable_with_plan,installments,2026-01-09:405.74|2026-02-08:405.74|2026-03-10:405.74,2026-02-15,reduce_to:event_17957:13,"Use 3 installments of EUR 405.74, starting 9 January 2026. This leaves at least EUR 700 available."
request_196,762.3,affordable_now,full_payment,2024-06-03:762.3,2024-06-03,none,Pay EUR 762.30 today. This leaves at least EUR 500 available over the next 90 days.
request_197,50939000,affordable_with_plan,installments,2025-11-19:17658853.33|2025-12-17:17658853.33|2026-01-14:17658853.33,2025-11-05,none,"Use 3 installments of IDR 17,658,853.33, starting 19 November 2025. This leaves at least IDR 26,245,900 available."
request_198,185800,affordable_now,full_payment,2026-07-07:185800,2026-07-07,none,"Pay INR 185,800 today. This leaves at least INR 124,300 available over the next 90 days."
request_199,23674000,affordable_with_plan,installments,2024-09-07:8206986.67|2024-10-08:8206986.67|2024-11-08:8206986.67,2024-09-04,none,"Use 3 installments of IDR 8,206,986.67, starting 7 September 2024. This leaves at least IDR 25,359,500 available."
request_200,21717000,affordable_now,full_payment,2025-02-06:21717000,2025-02-06,none,"Pay IDR 21,717,000 today. This leaves at least IDR 20,114,600 available over the next 90 days."
request_201,23997000,affordable_now,full_payment,2026-04-03:23997000,2026-04-03,none,"Pay IDR 23,997,000 today. This leaves at least IDR 17,304,500 available over the next 90 days."
request_202,123900,affordable_now,full_payment,2024-12-05:123900,2024-12-05,none,"Pay INR 123,900 today. This leaves at least INR 147,800 available over the next 90 days."
request_203,1184.76,affordable_with_plan,installments,2025-05-10:499.93|2025-06-07:499.93|2025-07-05:499.93,,reduce_to:event_18728:38|reduce_to:event_18663:35,"Use 3 installments of EUR 499.93, starting 10 May 2025. This leaves at least EUR 1,400 available."
request_204,588.74,affordable_now,full_payment,2026-01-04:588.74,2026-01-04,none,"Pay EUR 588.74 today. This leaves at least EUR 1,300 available over the next 90 days."
request_205,10621000,affordable_now,full_payment,2024-03-06:10621000,2024-03-06,none,"Pay IDR 10,621,000 today. This leaves at least IDR 13,994,300 available over the next 90 days."
request_206,1404.7,affordable_with_plan,installments,2025-08-03:486.96|2025-08-31:486.96|2025-09-28:486.96,2025-08-03,none,"Use 3 installments of EUR 486.96, starting 3 August 2025. This leaves at least EUR 900 available."
request_207,4205.61,affordable_later,wait,2026-07-15:11830,2026-07-15,none,"Pay ZAR 11,830 in full on 15 July 2026. Paying earlier would take the balance below the ZAR 13,600 minimum."
request_208,3104179.08,affordable_later,wait,2024-06-15:4413000,2024-06-15,none,"Pay IDR 4,413,000 in full on 15 June 2024. Paying earlier would take the balance below the IDR 10,470,700 minimum."
request_209,1808.74,not_affordable,not_recommended,none,,none,"Do not make this payment by 25 November 2025. None of the available options keeps the ZAR 18,400 minimum protected."
request_210,805.15,affordable_with_plan,partial_payment,2026-04-06:805.15|2026-04-15:554.87,2026-04-15,none,"Pay USD 805.15 today and the remaining USD 554.87 on 15 April 2026. This completes the full request and keeps the USD 2,000 minimum protected."
request_211,288.07,affordable_later,wait,2024-09-15:1788.6,2024-09-15,none,"Pay EUR 1,788.60 in full on 15 September 2024. Paying earlier would take the balance below the EUR 1,500 minimum."
request_212,3812034.91,affordable_later,wait,2025-03-15:71934000,2025-03-15,none,"Pay IDR 71,934,000 in full on 15 March 2025. Paying earlier would take the balance below the IDR 29,579,800 minimum."
request_213,3362.4,affordable_with_plan,installments,2026-01-21:1165.63|2026-02-20:1165.63|2026-03-22:1165.63,2026-01-07,none,"Use 3 installments of USD 1,165.63, starting 21 January 2026. This leaves at least USD 2,100 available."
request_214,44509.69,affordable_with_plan,partial_payment,2024-12-04:44509.69|2024-12-15:25240.31,2024-12-15,none,"Pay INR 44,509.69 today and the remaining INR 25,240.31 on 15 December 2024. This completes the full request and keeps the INR 174,900 minimum protected."
request_215,25415.34,not_affordable,not_recommended,none,,none,"Do not proceed with the ZAR 29,986 request. Although ZAR 25,415.34 is available today, the full amount cannot be completed safely within 90 days."
request_216,472.13,affordable_later,wait,2026-09-15:3332.4,2026-09-15,none,"Pay USD 3,332.40 in full on 15 September 2026. Paying earlier would take the balance below the USD 1,800 minimum."
request_217,19686.45,affordable_with_plan,installments,2024-03-19:12889.07|2024-04-19:12889.07|2024-05-20:12889.07,2024-03-15,none,"Use 3 installments of ZAR 12,889.07, starting 19 March 2024. This leaves at least ZAR 26,800 available."
request_218,24552135.34,affordable_with_plan,installments,2025-08-07:21195893.33|2025-09-04:21195893.33|2025-10-02:21195893.33,2025-08-15,none,"Use 3 installments of IDR 21,195,893.33, starting 7 August 2025. This leaves at least IDR 34,477,200 available."
request_219,697.72,affordable_with_plan,installments,2026-04-07:580.01|2026-05-07:580.01|2026-06-06:580.01,2026-04-15,none,"Use 3 installments of EUR 580.01, starting 7 April 2026. This leaves at least EUR 1,100 available."
request_220,50.71,not_affordable,not_recommended,none,,none,"Do not proceed with the EUR 3,118.50 request. Although EUR 50.71 is available today, the full amount cannot be completed safely within 90 days."
request_221,109800,affordable_now,full_payment,2025-11-03:109800,2025-11-03,none,"Pay INR 109,800 today. This leaves at least INR 81,500 available over the next 90 days."
request_222,34078,affordable_now,full_payment,2026-01-05:34078,2026-01-05,none,"Pay ZAR 34,078 today. This leaves at least ZAR 27,300 available over the next 90 days."
request_223,898.7,affordable_now,full_payment,2024-09-07:898.7,2024-09-07,none,Pay EUR 898.70 today. This leaves at least EUR 800 available over the next 90 days.
request_224,9894269.18,affordable_with_plan,partial_payment,2025-02-04:9894269.18|2025-02-15:432730.82,2025-02-15,none,"Pay IDR 9,894,269.18 today and the remaining IDR 432,730.82 on 15 February 2025. This completes the full request and keeps the IDR 22,187,600 minimum protected."
request_225,9380382.41,affordable_with_plan,installments,2026-07-20:7647120|2026-08-19:7647120|2026-09-18:7647120,2026-09-15,stop:event_20650,"Use 3 installments of IDR 7,647,120, starting 20 July 2026. This leaves at least IDR 17,670,700 available."
request_226,157000,affordable_now,full_payment,2024-12-03:157000,2024-12-03,none,"Pay INR 157,000 today. This leaves at least INR 209,400 available over the next 90 days."
request_227,7699.12,not_affordable,not_recommended,none,,none,"Do not proceed with the INR 259,700 request. Although INR 7,699.12 is available today, the full amount cannot be completed safely within 90 days."
request_228,1327679.29,not_affordable,not_recommended,none,,none,"Do not proceed with the IDR 63,327,000 request. Although IDR 1,327,679.29 is available today, the full amount cannot be completed safely within 90 days."
request_229,420.82,affordable_with_plan,installments,2024-03-18:529.29|2024-04-18:529.29|2024-05-19:529.29,2024-05-15,stop:event_21032|stop:event_21031,"Use 3 installments of EUR 529.29, starting 18 March 2024. This leaves at least EUR 1,000 available."
request_230,3537.6,affordable_now,full_payment,2025-08-06:3537.6,2025-08-06,none,"Pay EUR 3,537.60 today. This leaves at least EUR 2,000 available over the next 90 days."
request_231,32362.43,affordable_with_plan,installments,2026-01-06:12378.08|2026-02-05:12378.08|2026-03-07:12378.08,2026-01-15,none,"Use 3 installments of ZAR 12,378.08, starting 6 January 2026. This leaves at least ZAR 24,300 available."
request_232,251.70,not_affordable,not_recommended,none,,none,"Do not proceed with the EUR 1,970.10 request. Although EUR 251.70 is available today, the full amount cannot be completed safely within 90 days."
request_233,3535851.67,affordable_with_plan,installments,2025-11-14:3245320|2025-12-15:3245320,2026-01-15,stop:event_21439,"Use 2 installments of IDR 3,245,320, starting 14 November 2025. This leaves at least IDR 10,365,700 available."
request_234,184.65,affordable_later,wait,2026-09-15:1213.3,2026-09-15,none,"Pay EUR 1,213.30 in full on 15 September 2026. Paying earlier would take the balance below the EUR 700 minimum."
request_235,967.2,affordable_now,full_payment,2024-09-06:967.2,2024-09-06,none,Pay USD 967.20 today. This leaves at least USD 700 available over the next 90 days.
request_236,6081340.68,not_affordable,not_recommended,none,,none,"Do not proceed with the IDR 52,383,000 request. Although IDR 6,081,340.68 is available today, the full amount cannot be completed safely within 90 days."
request_237,23826000,affordable_now,full_payment,2026-04-05:23826000,2026-04-05,none,"Pay IDR 23,826,000 today. This leaves at least IDR 22,431,500 available over the next 90 days."
request_238,663.6,affordable_with_plan,installments,2024-12-07:230.05|2025-01-07:230.05|2025-02-07:230.05,2024-12-07,none,"Use 3 installments of USD 230.05, starting 7 December 2024. This leaves at least USD 700 available."
request_239,642,affordable_now,full_payment,2025-05-04:642,2025-05-04,none,Pay USD 642 today. This leaves at least USD 600 available over the next 90 days.
request_240,14534.05,not_affordable,not_recommended,none,,none,"Do not proceed with the INR 101,200 request. Although INR 14,534.05 is available today, the full amount cannot be completed safely within 90 days."
request_241,21052000,affordable_with_plan,installments,2024-03-17:7298026.67|2024-04-17:7298026.67|2024-05-18:7298026.67,2024-03-03,none,"Use 3 installments of IDR 7,298,026.67, starting 17 March 2024. This leaves at least IDR 19,252,000 available."
request_242,41.02,not_affordable,not_recommended,none,,none,"Do not proceed with the EUR 1,966.80 request. Although EUR 41.02 is available today, the full amount cannot be completed safely within 90 days."
request_243,17468,affordable_now,full_payment,2026-07-07:17468,2026-07-07,none,"Pay ZAR 17,468 today. This leaves at least ZAR 19,900 available over the next 90 days."
request_244,49918,affordable_now,full_payment,2024-06-04:49918,2024-06-04,none,"Pay ZAR 49,918 today. This leaves at least ZAR 45,900 available over the next 90 days."
request_245,25758.70,affordable_later,wait,2026-01-15:128500,2026-01-15,none,"Pay INR 128,500 in full on 15 January 2026. Paying earlier would take the balance below the INR 94,600 minimum."
request_246,64086,affordable_with_plan,installments,2026-04-03:22216.48|2026-05-03:22216.48|2026-06-02:22216.48,2026-04-03,reduce_to:event_22650:716.1,"Use 3 installments of ZAR 22,216.48, starting 3 April 2026. This leaves at least ZAR 39,300 available."
request_247,1059.3,affordable_now,full_payment,2024-09-05:1059.3,2024-09-05,none,"Pay EUR 1,059.30 today. This leaves at least EUR 1,300 available over the next 90 days."
request_248,325.46,not_affordable,not_recommended,none,,none,"Do not proceed with the USD 1,965.60 request. Although USD 325.46 is available today, the full amount cannot be completed safely within 90 days."
request_249,132.37,affordable_later,wait,2026-03-15:643.2,2026-03-15,none,Pay USD 643.20 in full on 15 March 2026. Paying earlier would take the balance below the USD 600 minimum.
request_250,16056.71,affordable_with_plan,partial_payment,2024-12-06:16056.71|2025-01-15:108221.29,2025-01-15,none,"Pay ZAR 16,056.71 today and the remaining ZAR 108,221.29 on 15 January 2025. This completes the full request and keeps the ZAR 35,300 minimum protected."
request_251,58.71,not_affordable,not_recommended,none,,none,"Do not proceed with the EUR 1,513.60 request. Although EUR 58.71 is available today, the full amount cannot be completed safely within 90 days."
request_252,3553677.74,affordable_later,wait,2026-09-15:28082000,2026-09-15,none,"Pay IDR 28,082,000 in full on 15 September 2026. Paying earlier would take the balance below the IDR 15,152,200 minimum."
request_253,1383.13,affordable_with_plan,installments,2024-03-21:984.6|2024-04-21:984.6|2024-05-22:984.6,2024-05-15,none,"Use 3 installments of EUR 984.60, starting 21 March 2024. This leaves at least EUR 2,300 available."
request_254,627.67,affordable_later,wait,2025-10-15:3535.2,2025-10-15,none,"Pay USD 3,535.20 in full on 15 October 2025. Paying earlier would take the balance below the USD 2,500 minimum."
request_255,685690.62,not_affordable,not_recommended,none,,none,"Do not proceed with the IDR 3,345,000 request. Although IDR 685,690.62 is available today, the full amount cannot be completed safely within 90 days."
request_256,154879.83,affordable_with_plan,installments,2024-06-10:75816|2024-07-11:75816|2024-08-11:75816,2024-07-15,none,"Use 3 installments of INR 75,816, starting 10 June 2024. This leaves at least INR 168,600 available."
request_257,356.04,affordable_later,wait,2025-11-15:1352.4,2025-11-15,none,"Pay USD 1,352.40 in full on 15 November 2025. Paying earlier would take the balance below the USD 1,600 minimum."
request_258,1113.6,affordable_now,full_payment,2026-01-07:1113.6,2026-01-07,none,"Pay USD 1,113.60 today. This leaves at least USD 500 available over the next 90 days."
request_259,212.10,affordable_later,wait,2024-11-15:935,2024-11-15,none,Pay EUR 935 in full on 15 November 2024. Paying earlier would take the balance below the EUR 600 minimum.
request_260,6443035.82,affordable_with_plan,partial_payment,2025-02-06:6443035.82|2025-04-15:45635964.18,2025-04-15,none,"Pay IDR 6,443,035.82 today and the remaining IDR 45,635,964.18 on 15 April 2025. This completes the full request and keeps the IDR 20,727,700 minimum protected."
request_261,1830.4,affordable_now,full_payment,2026-07-03:1830.4,2026-07-03,none,"Pay EUR 1,830.40 today. This leaves at least EUR 1,500 available over the next 90 days."
request_262,5233903.03,affordable_with_plan,full_payment,2024-12-05:9236000,2025-02-15,reduce_to:event_24161:763800|reduce_to:event_24096:548720,"Reduce the neighbourhood restaurant to idr 763,800 and reduce the household shopping to IDR 548,720, then pay IDR 9,236,000 today. This leaves at least IDR 31,018,500 available."
request_263,0,not_affordable,not_recommended,none,,none,"Do not make this payment by 15 June 2025. None of the available options keeps the ZAR 24,100 minimum protected."
request_264,23012.52,affordable_later,wait,2026-06-15:111300,2026-06-15,none,"Pay INR 111,300 in full on 15 June 2026. Paying earlier would take the balance below the INR 59,500 minimum."
request_265,45970,affordable_now,full_payment,2024-03-06:45970,2024-03-06,none,"Pay INR 45,970 today. This leaves at least INR 189,700 available over the next 90 days."
request_266,770.18,not_affordable,not_recommended,none,,none,Do not make this payment by 3 October 2025. None of the available options keeps the EUR 900 minimum protected.
request_267,1644.69,affordable_with_plan,installments,2026-01-08:667.33|2026-02-07:667.33|2026-03-09:667.33,2026-02-15,none,"Use 3 installments of EUR 667.33, starting 8 January 2026. This leaves at least EUR 1,500 available."
request_268,1061.93,affordable_with_plan,installments,2024-06-14:841.22|2024-07-15:841.22|2024-08-15:841.22,2024-07-15,none,"Use 3 installments of EUR 841.22, starting 14 June 2024. This leaves at least EUR 1,400 available."
request_269,9664.79,affordable_later,wait,2025-12-15:15490,2025-12-15,none,"Pay ZAR 15,490 in full on 15 December 2025. Paying earlier would take the balance below the ZAR 23,100 minimum."
request_270,96.77,not_affordable,not_recommended,none,,none,"Do not proceed with the USD 3,028.80 request. Although USD 96.77 is available today, the full amount cannot be completed safely within 90 days."
request_271,13832.03,affordable_later,wait,2024-11-15:91300,2024-11-15,none,"Pay INR 91,300 in full on 15 November 2024. Paying earlier would take the balance below the INR 58,200 minimum."
request_272,5420361.49,affordable_with_plan,installments,2025-02-12:4709466.67|2025-03-12:4709466.67|2025-04-09:4709466.67,2025-03-15,none,"Use 3 installments of IDR 4,709,466.67, starting 12 February 2025. This leaves at least IDR 7,508,600 available."
request_273,9476871.09,affordable_with_plan,partial_payment,2026-04-07:9476871.09|2026-04-15:6384128.91,2026-04-15,none,"Pay IDR 9,476,871.09 today and the remaining IDR 6,384,128.91 on 15 April 2026. This completes the full request and keeps the IDR 18,774,600 minimum protected."
request_274,2083.08,not_affordable,not_recommended,none,,none,"Do not make this payment by 11 February 2025. None of the available options keeps the EUR 1,800 minimum protected."
request_275,15884000,affordable_now,full_payment,2025-05-06:15884000,2025-05-06,none,"Pay IDR 15,884,000 today. This leaves at least IDR 12,760,100 available over the next 90 days."
